指标,数值,百分比
总实例数,532,100%
成功,118,22.2%
失败,414,77.8%
解析错误,0,0.0%

错误信息,次数,占失败比例
不支持状态为已关机的实例ins-noqgsdnl (90d418bf),1,0.2%
不支持状态为已关机的实例ins-0sf28tt1 (d6a21812),1,0.2%
不支持状态为已关机的实例ins-k73wjih3 (2da89942),1,0.2%
不支持状态为已关机的实例ins-2jbc7e9x (78c54026),1,0.2%
不支持状态为已关机的实例ins-cz63lfgt (a036074a),1,0.2%
不支持状态为已关机的实例ins-cmlqgnu5 (ce4f55a1),1,0.2%
不支持状态为已关机的实例ins-de1pkqkl (29bfc448),1,0.2%
不支持状态为已关机的实例ins-p09wrxxl (429d0e17),1,0.2%
不支持状态为已关机的实例ins-daashqln (d28a1a94),1,0.2%
不支持状态为已关机的实例ins-ei6o4otp (1a8c59f7),1,0.2%
不支持状态为已关机的实例ins-8o3yzx7l (2fb2b01d),1,0.2%
不支持状态为已关机的实例ins-qgsnjmkr (da4e69f7),1,0.2%
不支持状态为已关机的实例ins-bfi5k8pt (d4fe6c44),1,0.2%
不支持状态为已关机的实例ins-hbv1vq1z (2f7da2d8),1,0.2%
不支持状态为已关机的实例ins-4uot48vh (66cd64ed),1,0.2%
不支持状态为已关机的实例ins-rylsqnql (3f27f902),1,0.2%
不支持状态为已关机的实例ins-fxqe0wen (e0642dd6),1,0.2%
不支持状态为已关机的实例ins-r7h4fv0r (1dfe8375),1,0.2%
不支持状态为已关机的实例ins-1wmc351j (face3c94),1,0.2%
不支持状态为已关机的实例ins-gc0lx3rj (460490eb),1,0.2%
不支持状态为已关机的实例ins-0kapemi1 (2ef18849),1,0.2%
不支持状态为已关机的实例ins-998xuzmx (6d15ab68),1,0.2%
不支持状态为已关机的实例ins-08vzj0j1 (dc3391a8),1,0.2%
不支持状态为已关机的实例ins-dehnooox (96d4801c),1,0.2%
不支持状态为已关机的实例ins-a8cg23zb (aad3fb3f),1,0.2%
不支持状态为已关机的实例ins-gpehwch5 (ffbf29bf),1,0.2%
不支持状态为已关机的实例ins-1o95hort (528ec396),1,0.2%
不支持状态为已关机的实例ins-61enin1f (94cf40e9),1,0.2%
不支持状态为已关机的实例ins-jr3pf8kt (17d48091),1,0.2%
不支持状态为已关机的实例ins-nds0wcfd (1c5291be),1,0.2%
不支持状态为已关机的实例ins-ol16jxin (605489da),1,0.2%
不支持状态为已关机的实例ins-jb3v2d59 (f45e18da),1,0.2%
不支持状态为已关机的实例ins-5b8qmluv (d30c799f),1,0.2%
不支持状态为已关机的实例ins-pg9w25vl (8366c323),1,0.2%
不支持状态为已关机的实例ins-l5vskqch (e8355edc),1,0.2%
不支持状态为已关机的实例ins-bf8sf2ir (b609cfcd),1,0.2%
不支持状态为已关机的实例ins-i010r7f1 (aa3ba58a),1,0.2%
不支持状态为已关机的实例ins-11bzc773 (095c9795),1,0.2%
不支持状态为已关机的实例ins-jneo1zoj (c1e89d68),1,0.2%
不支持状态为已关机的实例ins-bv8dsb7r (d30e0638),1,0.2%
不支持状态为已关机的实例ins-cqb2000d (5fb48918),1,0.2%
不支持状态为已关机的实例ins-kv3tg8jr (48f83292),1,0.2%
不支持状态为已关机的实例ins-eioc6nkf (de9fd09d),1,0.2%
不支持状态为已关机的实例ins-q3osd3sx (e655e3a4),1,0.2%
不支持状态为已关机的实例ins-cm3ik8nh (7ddea59b),1,0.2%
不支持状态为已关机的实例ins-3yn3v9s5 (07612966),1,0.2%
不支持状态为已关机的实例ins-ktw1scpz (f140ba5f),1,0.2%
不支持状态为已关机的实例ins-1ohx8nmr (4528626b),1,0.2%
不支持状态为已关机的实例ins-q0avvt4z (0cc59540),1,0.2%
不支持状态为已关机的实例ins-k6e8u2wb (4cc7fbb0),1,0.2%
不支持状态为已关机的实例ins-3709aay7 (7983f6b1),1,0.2%
不支持状态为已关机的实例ins-0gmi0c13 (6601d80f),1,0.2%
不支持状态为已关机的实例ins-cm3g0dfl (23e396bf),1,0.2%
不支持状态为已关机的实例ins-dhnfgpmv (13b3ab6a),1,0.2%
不支持状态为已关机的实例ins-ao0wy2sv (69832628),1,0.2%
不支持状态为已关机的实例ins-o0pkxsg1 (f32d68e0),1,0.2%
不支持状态为已关机的实例ins-dtgycr67 (e8045cc5),1,0.2%
不支持状态为已关机的实例ins-0tdgnujx (ffd370b9),1,0.2%
不支持状态为已关机的实例ins-d73w27hr (060d9285),1,0.2%
不支持状态为已关机的实例ins-j76yfzmx (935d5604),1,0.2%
不支持状态为已关机的实例ins-6hmzxvhr (8b9a8f3a),1,0.2%
不支持状态为已关机的实例ins-i8n96689 (ad4d21ef),1,0.2%
不支持状态为已关机的实例ins-7hfg0rrf (18692bf9),1,0.2%
不支持状态为已关机的实例ins-3qio5g05 (b8979859),1,0.2%
不支持状态为已关机的实例ins-k67kxabv (4355dce6),1,0.2%
不支持状态为已关机的实例ins-8g4l1a7b (aeed3d84),1,0.2%
不支持状态为已关机的实例ins-qkpkrnqh (ff9c3529),1,0.2%
不支持状态为已关机的实例ins-o07yc0lj (163d6d9e),1,0.2%
不支持状态为已关机的实例ins-9nvfp0pv (62f06484),1,0.2%
不支持状态为已关机的实例ins-8spzx5pn (c1ea4f78),1,0.2%
不支持状态为已关机的实例ins-jis5ql63 (c570feae),1,0.2%
不支持状态为已关机的实例ins-q0tohc81 (4f391a3d),1,0.2%
不支持状态为已关机的实例ins-i3hcnlep (4b571e0c),1,0.2%
不支持状态为已关机的实例ins-rqhbokuh (572edd92),1,0.2%
不支持状态为已关机的实例ins-3q6dtizp (38e1b819),1,0.2%
不支持状态为已关机的实例ins-clwckrvn (f8f83875),1,0.2%
不支持状态为已关机的实例ins-b83epwit (ed321074),1,0.2%
不支持状态为已关机的实例ins-qguceg1x (5aeddb92),1,0.2%
不支持状态为已关机的实例ins-pzarz96p (c0c14246),1,0.2%
不支持状态为已关机的实例ins-rmhivozz (6e3fa141),1,0.2%
不支持状态为已关机的实例ins-hrlj4mml (c73289ef),1,0.2%
不支持状态为已关机的实例ins-izhb8hnl (fec70baf),1,0.2%
不支持状态为已关机的实例ins-lmxgtmat (90c9126e),1,0.2%
不支持状态为已关机的实例ins-9810ajfz (da0390c7),1,0.2%
不支持状态为已关机的实例ins-iysaulfz (08632c8c),1,0.2%
不支持状态为已关机的实例ins-i7ufkfu7 (b0960f5f),1,0.2%
不支持状态为已关机的实例ins-ari85zhh (004b7792),1,0.2%
不支持状态为已关机的实例ins-rg186hm7 (3d750f26),1,0.2%
不支持状态为已关机的实例ins-gpdck3xj (23e081d6),1,0.2%
不支持状态为已关机的实例ins-3aq1l761 (edeb3800),1,0.2%
不支持状态为已关机的实例ins-iru6c1v1 (5b8614b0),1,0.2%
不支持状态为已关机的实例ins-7dek9x57 (7ea46755),1,0.2%
不支持状态为已关机的实例ins-9z45pay1 (b1092dec),1,0.2%
不支持状态为已关机的实例ins-np7qzi25 (5ccb7600),1,0.2%
不支持状态为已关机的实例ins-mmohhitr (2177c4fc),1,0.2%
不支持状态为已关机的实例ins-poh44wcl (6e5246e6),1,0.2%
不支持状态为已关机的实例ins-dy69w7fp (128558c7),1,0.2%
不支持状态为已关机的实例ins-e9tzdv5v (beb53e75),1,0.2%
不支持状态为已关机的实例ins-op55bq6h (50b45ba5),1,0.2%
不支持状态为已关机的实例ins-akm8xrop (f50152f2),1,0.2%
不支持状态为已关机的实例ins-h43ptprb (e2fbd03f),1,0.2%
不支持状态为已关机的实例ins-62a3tu19 (2b8806c8),1,0.2%
不支持状态为已关机的实例ins-8ti87mox (bb5c746c),1,0.2%
不支持状态为已关机的实例ins-1521xew5 (332f9613),1,0.2%
不支持状态为已关机的实例ins-gsunsenf (dc639977),1,0.2%
不支持状态为已关机的实例ins-8sj9ga3p (eaf61066),1,0.2%
不支持状态为已关机的实例ins-ind7oisj (67965ae9),1,0.2%
不支持状态为已关机的实例ins-9om0c7hd (7b849699),1,0.2%
不支持状态为已关机的实例ins-kbe06pgp (4611683b),1,0.2%
不支持状态为已关机的实例ins-bei43ci5 (3c005536),1,0.2%
不支持状态为已关机的实例ins-glf6i0g3 (8c7d2b10),1,0.2%
不支持状态为已关机的实例ins-3rid0k0f (bd6b95b6),1,0.2%
不支持状态为已关机的实例ins-dptzifmr (6cc6432f),1,0.2%
不支持状态为已关机的实例ins-bn20sop5 (d98a0ef1),1,0.2%
不支持状态为已关机的实例ins-pjyi9aed (ac3a0c4a),1,0.2%
不支持状态为已关机的实例ins-aurds0td (672573c6),1,0.2%
不支持状态为已关机的实例ins-exottb1h (526d1811),1,0.2%
不支持状态为已关机的实例ins-bjxg88df (b98932fb),1,0.2%
不支持状态为已关机的实例ins-5idrx6ht (99ac28a4),1,0.2%
不支持状态为已关机的实例ins-187x7s1x (e23947c1),1,0.2%
不支持状态为已关机的实例ins-i4oofjzj (754b94ca),1,0.2%
不支持状态为已关机的实例ins-85jwfart (4b1607fd),1,0.2%
不支持状态为已关机的实例ins-ki9i2891 (d9559eb8),1,0.2%
不支持状态为已关机的实例ins-o8nyb54f (8182384a),1,0.2%
不支持状态为已关机的实例ins-o5o9lva9 (548fb8e6),1,0.2%
不支持状态为已关机的实例ins-f9a4p6tp (762e2742),1,0.2%
不支持状态为已关机的实例ins-gh9yzx37 (d8574aa7),1,0.2%
不支持状态为已关机的实例ins-1jri1qht (aadd9c09),1,0.2%
不支持状态为已关机的实例ins-3vdjaymb (9b8e63bb),1,0.2%
不支持状态为已关机的实例ins-62l8n8h3 (1f4298d5),1,0.2%
不支持状态为已关机的实例ins-fssr6uej (a8b6664d),1,0.2%
不支持状态为已关机的实例ins-ftjbblvz (89c1c2f9),1,0.2%
不支持状态为已关机的实例ins-80fmnyud (b9b84571),1,0.2%
不支持状态为已关机的实例ins-dtzieiqp (fbcc61f8),1,0.2%
不支持状态为已关机的实例ins-lirmtvgn (4718b96b),1,0.2%
不支持状态为已关机的实例ins-90mrruwz (e34e858d),1,0.2%
不支持状态为已关机的实例ins-q10fuwr1 (e885259f),1,0.2%
不支持状态为已关机的实例ins-ooqeie5j (998132ed),1,0.2%
不支持状态为已关机的实例ins-6eplh3sd (c87c6311),1,0.2%
不支持状态为已关机的实例ins-6sop9pij (1e849ac3),1,0.2%
不支持状态为已关机的实例ins-3uxc9l1r (eed2946b),1,0.2%
不支持状态为已关机的实例ins-owb861sb (14afb112),1,0.2%
不支持状态为已关机的实例ins-ghg1hn37 (c4ab2865),1,0.2%
不支持状态为已关机的实例ins-l67apsv9 (265cc1da),1,0.2%
不支持状态为已关机的实例ins-br1uucwd (766c25fc),1,0.2%
不支持状态为已关机的实例ins-dlm2rddx (70bdf5a8),1,0.2%
不支持状态为已关机的实例ins-1zvzau9t (069dbe15),1,0.2%
不支持状态为已关机的实例ins-2mqznn9l (884ab9bc),1,0.2%
不支持状态为已关机的实例ins-5mkn5mmb (90ced61a),1,0.2%
不支持状态为已关机的实例ins-6dw6hh1l (f057342a),1,0.2%
不支持状态为已关机的实例ins-o5ye42zx (286615fa),1,0.2%
不支持状态为已关机的实例ins-0kc9w889 (e9aa1d0f),1,0.2%
不支持状态为已关机的实例ins-eln0mnhl (2cb7cbf2),1,0.2%
不支持状态为已关机的实例ins-m9th151h (660fcc7e),1,0.2%
不支持状态为已关机的实例ins-0p0dt78l (f8c13289),1,0.2%
不支持状态为已关机的实例ins-32slct0r (1cc53598),1,0.2%
不支持状态为已关机的实例ins-3ykb4nfz (78b3b926),1,0.2%
不支持状态为已关机的实例ins-5ms15jdb (20ee6b63),1,0.2%
不支持状态为已关机的实例ins-odtg38nd (7ff43dc5),1,0.2%
不支持状态为已关机的实例ins-4qgsueuf (0d168fd0),1,0.2%
不支持状态为已关机的实例ins-ehfb4mkl (102b2b27),1,0.2%
不支持状态为已关机的实例ins-303h8h9d (dc5011ae),1,0.2%
不支持状态为已关机的实例ins-n5ylnu9t (960e6681),1,0.2%
不支持状态为已关机的实例ins-3ybe32ar (260877f0),1,0.2%
不支持状态为已关机的实例ins-6d83w10r (d8e4a7c1),1,0.2%
不支持状态为已关机的实例ins-8hcf2r1h (580c7f53),1,0.2%
不支持状态为已关机的实例ins-4fm604qr (fc4f24c5),1,0.2%
不支持状态为已关机的实例ins-3y3mjpkb (d4cf9aed),1,0.2%
不支持状态为已关机的实例ins-5eyn1z0t (62b680f6),1,0.2%
不支持状态为已关机的实例ins-3ivk5pur (e651cb33),1,0.2%
不支持状态为已关机的实例ins-6t0jfm5d (be354ef1),1,0.2%
不支持状态为已关机的实例ins-dxxwwe93 (0c69f4db),1,0.2%
不支持状态为已关机的实例ins-pl7mwq6h (5737cfdd),1,0.2%
不支持状态为已关机的实例ins-232xbhk9 (0a383aa5),1,0.2%
不支持状态为已关机的实例ins-5hf9cfgp (0fc0e6d9),1,0.2%
不支持状态为已关机的实例ins-pfufbnfp (6f70b255),1,0.2%
不支持状态为已关机的实例ins-abafoyob (a3ae3731),1,0.2%
不支持状态为已关机的实例ins-npg3ku0z (43ecdae3),1,0.2%
不支持状态为已关机的实例ins-lv2l1irr (88d25993),1,0.2%
不支持状态为已关机的实例ins-pnpffghz (13093a66),1,0.2%
不支持状态为已关机的实例ins-gdt352qx (173bfcae),1,0.2%
不支持状态为已关机的实例ins-dhxwp7if (1a983900),1,0.2%
不支持状态为已关机的实例ins-5u085f8j (cdab08ad),1,0.2%
不支持状态为已关机的实例ins-812cstl1 (06a2b93e),1,0.2%
不支持状态为已关机的实例ins-rzcydvcx (83fee86e),1,0.2%
不支持状态为已关机的实例ins-n8vg3iw9 (72ed308e),1,0.2%
不支持状态为已关机的实例ins-ht0mr30r (8176d83c),1,0.2%
不支持状态为已关机的实例ins-2zt3yy2p (ae4e6c86),1,0.2%
不支持状态为已关机的实例ins-edasqhgj (5fd62f70),1,0.2%
不支持状态为已关机的实例ins-4n153moz (65095724),1,0.2%
不支持状态为已关机的实例ins-qv3hojmp (0909831d),1,0.2%
不支持状态为已关机的实例ins-o4nuehnx (57754169),1,0.2%
不支持状态为已关机的实例ins-hgqsn7zb (db4199a2),1,0.2%
不支持状态为已关机的实例ins-mu5kdc4j (49ad7ed5),1,0.2%
不支持状态为已关机的实例ins-cz8u9b67 (78d32563),1,0.2%
不支持状态为已关机的实例ins-jg930cjl (e61b8f98),1,0.2%
不支持状态为已关机的实例ins-ft2lhj57 (bd198f70),1,0.2%
不支持状态为已关机的实例ins-651jukzz (7f077195),1,0.2%
不支持状态为已关机的实例ins-3y5dx7fp (37981714),1,0.2%
不支持状态为已关机的实例ins-bj4q6kch (b5660cf7),1,0.2%
不支持状态为已关机的实例ins-mtl21rnr (7dfeb291),1,0.2%
不支持状态为已关机的实例ins-iv9s5jxp (d5bd756c),1,0.2%
不支持状态为已关机的实例ins-0wlkw4rt (344ac28b),1,0.2%
不支持状态为已关机的实例ins-dtqgdj9n (9cf4dc9a),1,0.2%
不支持状态为已关机的实例ins-386w9jpp (2c8af88d),1,0.2%
不支持状态为已关机的实例ins-qbxahzj5 (7d5fc791),1,0.2%
不支持状态为已关机的实例ins-4a8hdmyz (db6c4337),1,0.2%
不支持状态为已关机的实例ins-epuv0x67 (ac1d1954),1,0.2%
不支持状态为已关机的实例ins-na2rkrq9 (2cc8a6c4),1,0.2%
不支持状态为已关机的实例ins-rapq6r3f (f59fd91b),1,0.2%
不支持状态为已关机的实例ins-204u3zif (f01ed1e0),1,0.2%
不支持状态为已关机的实例ins-75u2d6mf (009d5c93),1,0.2%
不支持状态为已关机的实例ins-as23msvd (4b01e47b),1,0.2%
不支持状态为已关机的实例ins-m2y171zb (2d016331),1,0.2%
不支持状态为已关机的实例ins-b4cwow2r (abd61d85),1,0.2%
不支持状态为已关机的实例ins-kuuvra23 (9c1f1d15),1,0.2%
不支持状态为已关机的实例ins-8x5bvvkd (f0ef627e),1,0.2%
不支持状态为已关机的实例ins-4be2p38h (0cefe5ae),1,0.2%
不支持状态为已关机的实例ins-de1i67bf (d03baf18),1,0.2%
不支持状态为已关机的实例ins-18x1il57 (5ebe7c12),1,0.2%
不支持状态为已关机的实例ins-2ojzg3xr (23c43140),1,0.2%
不支持状态为已关机的实例ins-5b6oqrqf (5b9f2fa3),1,0.2%
不支持状态为已关机的实例ins-gw7q7mqt (0b41b6f2),1,0.2%
不支持状态为已关机的实例ins-jfj2eynh (7165d771),1,0.2%
不支持状态为已关机的实例ins-mwt2nsyt (76d63af4),1,0.2%
不支持状态为已关机的实例ins-j82eqxyf (f6e661de),1,0.2%
不支持状态为已关机的实例ins-jc3dpq89 (224f2448),1,0.2%
不支持状态为已关机的实例ins-p55sbn9f (4ad503f4),1,0.2%
不支持状态为已关机的实例ins-n8vyla69 (146f1938),1,0.2%
不支持状态为已关机的实例ins-8tadxcvh (ba97628c),1,0.2%
不支持状态为已关机的实例ins-m30sedab (0fea8a98),1,0.2%
不支持状态为已关机的实例ins-n66fxoef (b41b2ee3),1,0.2%
不支持状态为已关机的实例ins-odumm0zr (da11c56f),1,0.2%
不支持状态为已关机的实例ins-av16bv4z (9e9b5d59),1,0.2%
不支持状态为已关机的实例ins-qg1szbqd (5155068f),1,0.2%
不支持状态为已关机的实例ins-pzthtgm9 (d6113971),1,0.2%
不支持状态为已关机的实例ins-rvuh2wmj (6272efa6),1,0.2%
不支持状态为已关机的实例ins-lpw1sld9 (7837d3ba),1,0.2%
不支持状态为已关机的实例ins-kbjjv6az (786b91d1),1,0.2%
不支持状态为已关机的实例ins-eh5f4o83 (88fc69fc),1,0.2%
不支持状态为已关机的实例ins-3majte9x (53b61954),1,0.2%
不支持状态为已关机的实例ins-2iu68sxz (2c811f76),1,0.2%
不支持状态为已关机的实例ins-7tqc2g3p (dfe3c1f8),1,0.2%
不支持状态为已关机的实例ins-lf0atwy5 (383d2e22),1,0.2%
不支持状态为已关机的实例ins-1rnu2zhn (52a55f0a),1,0.2%
不支持状态为已关机的实例ins-pwkdmizz (e5f23ad0),1,0.2%
不支持状态为已关机的实例ins-66kwray5 (bad7e5c8),1,0.2%
不支持状态为已关机的实例ins-mp4oqsuj (af8edb70),1,0.2%
不支持状态为已关机的实例ins-dbbwmq97 (943f56e2),1,0.2%
不支持状态为已关机的实例ins-gg7n7zif (a8d8fef0),1,0.2%
不支持状态为已关机的实例ins-l27ncpv1 (471ea394),1,0.2%
不支持状态为已关机的实例ins-qrx6h8sh (8c6e6de5),1,0.2%
不支持状态为已关机的实例ins-ryt0vq97 (41defa23),1,0.2%
不支持状态为已关机的实例ins-4jlsbu1t (c15925e9),1,0.2%
不支持状态为已关机的实例ins-lu336t6p (ef4a4757),1,0.2%
不支持状态为已关机的实例ins-6i2kpv7p (ca43d7f3),1,0.2%
不支持状态为已关机的实例ins-dmdov2f5 (3b454565),1,0.2%
不支持状态为已关机的实例ins-ml7p767b (83dcdf70),1,0.2%
不支持状态为已关机的实例ins-hl6l08zp (ac1c8e5e),1,0.2%
不支持状态为已关机的实例ins-azx6m6uf (a5dc0ec1),1,0.2%
不支持状态为已关机的实例ins-ifyfma9b (30dcfe34),1,0.2%
不支持状态为已关机的实例ins-7pswm6lj (38b47f01),1,0.2%
不支持状态为已关机的实例ins-0gb2vy1t (a286b6c3),1,0.2%
不支持状态为已关机的实例ins-glgvl8nf (1fc61b89),1,0.2%
不支持状态为已关机的实例ins-mulr52gb (0ab53883),1,0.2%
不支持状态为已关机的实例ins-n4ncv1t9 (fce9aa6a),1,0.2%
不支持状态为已关机的实例ins-qg1ugcap (8a42c685),1,0.2%
不支持状态为已关机的实例ins-74lmiwrp (40efc9f3),1,0.2%
不支持状态为已关机的实例ins-2eucf4g1 (dcd6c446),1,0.2%
不支持状态为已关机的实例ins-aob96zhj (fada1124),1,0.2%
不支持状态为已关机的实例ins-gjwezqcn (6283df15),1,0.2%
不支持状态为已关机的实例ins-p7x1uton (7c2a45ac),1,0.2%
不支持状态为已关机的实例ins-7xfgmbnt (8d0de0a3),1,0.2%
不支持状态为已关机的实例ins-i45qmluv (1591bb93),1,0.2%
不支持状态为已关机的实例ins-izp30g1z (60bf14d2),1,0.2%
不支持状态为已关机的实例ins-fkv02cyv (7f0cf3bc),1,0.2%
不支持状态为已关机的实例ins-0bylif6p (0ba50cd9),1,0.2%
不支持状态为已关机的实例ins-lii9ruyt (89f338db),1,0.2%
不支持状态为已关机的实例ins-n9ky1si5 (c67c564d),1,0.2%
不支持状态为已关机的实例ins-980dvpon (ba2e5962),1,0.2%
不支持状态为已关机的实例ins-69reapd3 (9bb52f8a),1,0.2%
不支持状态为已关机的实例ins-ggzwsso5 (bbb7453d),1,0.2%
不支持状态为已关机的实例ins-j7300ftb (dca2df9f),1,0.2%
不支持状态为已关机的实例ins-kn8d67u5 (82178c02),1,0.2%
不支持状态为已关机的实例ins-hnvr8xhr (0fb3999f),1,0.2%
不支持状态为已关机的实例ins-mpwi6bzd (0a38f39d),1,0.2%
不支持状态为已关机的实例ins-i3v98pm3 (87fc5aa6),1,0.2%
不支持状态为已关机的实例ins-acfgzsdf (763388e7),1,0.2%
不支持状态为已关机的实例ins-q0jnjw1z (e60c642f),1,0.2%
不支持状态为已关机的实例ins-n1iqlpin (b0444324),1,0.2%
不支持状态为已关机的实例ins-d61kd1rh (1df46882),1,0.2%
不支持状态为已关机的实例ins-13jsaekt (ef06dd89),1,0.2%
不支持状态为已关机的实例ins-ki8y5b8j (47cc1172),1,0.2%
不支持状态为已关机的实例ins-6dyx1ngp (3b0f31ab),1,0.2%
不支持状态为已关机的实例ins-oduhh3t9 (26ebb184),1,0.2%
不支持状态为已关机的实例ins-q7xgrdph (53b52a32),1,0.2%
不支持状态为已关机的实例ins-j3vhwv5v (a70b26c1),1,0.2%
不支持状态为已关机的实例ins-f5coxzzf (291f9d1e),1,0.2%
不支持状态为已关机的实例ins-h096zbd9 (f2cbdd6a),1,0.2%
不支持状态为已关机的实例ins-6mirk2g5 (586465bb),1,0.2%
不支持状态为已关机的实例ins-11ab3pup (9a6b8e00),1,0.2%
不支持状态为已关机的实例ins-kudvldtb (c7393411),1,0.2%
不支持状态为已关机的实例ins-8gnwpw0b (6607b73f),1,0.2%
不支持状态为已关机的实例ins-cpux8ln1 (27ee71a9),1,0.2%
不支持状态为已关机的实例ins-rymcu6fb (38ec2a76),1,0.2%
不支持状态为已关机的实例ins-iqwt440x (e6e45bde),1,0.2%
不支持状态为已关机的实例ins-pkhb0avh (64a9188b),1,0.2%
不支持状态为已关机的实例ins-3r8r04kt (68cc0b46),1,0.2%
不支持状态为已关机的实例ins-ib1xlv6p (f8a13954),1,0.2%
不支持状态为已关机的实例ins-dloyb73d (abd9dcbc),1,0.2%
不支持状态为已关机的实例ins-8vrewbmp (59e53c7c),1,0.2%
不支持状态为已关机的实例ins-odkhsf0t (1e5eacb9),1,0.2%
不支持状态为已关机的实例ins-nx9g5bb5 (86424d65),1,0.2%
不支持状态为已关机的实例ins-8lkha58p (1ae5d169),1,0.2%
不支持状态为已关机的实例ins-dqaqey75 (9bd9cdea),1,0.2%
不支持状态为已关机的实例ins-8k3anl67 (a4fd5805),1,0.2%
不支持状态为已关机的实例ins-j3eb2x1f (0e240136),1,0.2%
不支持状态为已关机的实例ins-0rqujm13 (55acbadf),1,0.2%
不支持状态为已关机的实例ins-m5e7oqqv (347f37a5),1,0.2%
不支持状态为已关机的实例ins-gw8cucwb (81c8cc55),1,0.2%
不支持状态为已关机的实例ins-r4gupvm7 (7725324e),1,0.2%
不支持状态为已关机的实例ins-hs2440bl (62ef8fbb),1,0.2%
不支持状态为已关机的实例ins-78i283nv (82f556c4),1,0.2%
不支持状态为已关机的实例ins-pla9ylft (be897fbc),1,0.2%
不支持状态为已关机的实例ins-88rbk2vb (95bb6e4e),1,0.2%
不支持状态为已关机的实例ins-1vlpnrl5 (d44cd4ed),1,0.2%
不支持状态为已关机的实例ins-nsks46p5 (5f19072a),1,0.2%
不支持状态为已关机的实例ins-650ec6z3 (ffeaf9ed),1,0.2%
不支持状态为已关机的实例ins-1gmfk00f (ca45811c),1,0.2%
不支持状态为已关机的实例ins-6m9w7lv1 (f10f8429),1,0.2%
不支持状态为已关机的实例ins-ed1e4x5v (996ab8a7),1,0.2%
不支持状态为已关机的实例ins-61aqif1r (0459c0bc),1,0.2%
不支持状态为已关机的实例ins-j0f78tyd (28325b92),1,0.2%
不支持状态为已关机的实例ins-faay0ug5 (b2958df8),1,0.2%
不支持状态为已关机的实例ins-8h561l2b (33a61f40),1,0.2%
不支持状态为已关机的实例ins-aoczaonb (2a9326c8),1,0.2%
不支持状态为已关机的实例ins-4346mmml (8f2cb90a),1,0.2%
不支持状态为已关机的实例ins-m6fgacp1 (f8f7322a),1,0.2%
不支持状态为已关机的实例ins-ht4gwnbd (87f0dc3c),1,0.2%
不支持状态为已关机的实例ins-e9bmn44j (7ad6e930),1,0.2%
不支持状态为已关机的实例ins-aezp5zmz (189eabf4),1,0.2%
不支持状态为已关机的实例ins-pcu7nlor (47ad3ae2),1,0.2%
不支持状态为已关机的实例ins-a834ab4f (3e6ab8ec),1,0.2%
不支持状态为已关机的实例ins-3g348vbh (944258cb),1,0.2%
不支持状态为已关机的实例ins-ldu3abzj (623540e2),1,0.2%
不支持状态为已关机的实例ins-4pyyxfid (69b70f0d),1,0.2%
不支持状态为已关机的实例ins-1zjboelp (3f063eea),1,0.2%
不支持状态为已关机的实例ins-k28zu6q1 (086a1b87),1,0.2%
不支持状态为已关机的实例ins-fxxj58cp (a34ed9d5),1,0.2%
不支持状态为已关机的实例ins-4naeizhd (b8403a41),1,0.2%
不支持状态为已关机的实例ins-lykfvbsd (bbf4cd83),1,0.2%
不支持状态为已关机的实例ins-g1yyq1mp (c67ebf0a),1,0.2%
不支持状态为已关机的实例ins-ktucm9nv (3d62745a),1,0.2%
不支持状态为已关机的实例ins-85rs3mvh (524e3942),1,0.2%
不支持状态为已关机的实例ins-odsvq85d (72183d44),1,0.2%
不支持状态为已关机的实例ins-14pi3fu5 (0f1e26e8),1,0.2%
不支持状态为已关机的实例ins-3fojrqap (7550eb6d),1,0.2%
不支持状态为已关机的实例ins-6wnunyxz (c4bd1833),1,0.2%
不支持状态为已关机的实例ins-b81rpi0f (5cde7c59),1,0.2%
不支持状态为已关机的实例ins-rukyxowz (5eaac624),1,0.2%
不支持状态为已关机的实例ins-icikwoyr (9a34b80b),1,0.2%
不支持状态为已关机的实例ins-2jswzoqp (03749a15),1,0.2%
不支持状态为已关机的实例ins-8x7cfirt (c859f1ed),1,0.2%
不支持状态为已关机的实例ins-kf0jnih7 (1b93d260),1,0.2%
不支持状态为已关机的实例ins-hcc80ebl (3927cae6),1,0.2%
不支持状态为已关机的实例ins-0vkuk355 (d4660a08),1,0.2%
不支持状态为已关机的实例ins-digbgmcj (928a180d),1,0.2%
不支持状态为已关机的实例ins-g9vomcst (aa7fe828),1,0.2%
不支持状态为已关机的实例ins-qvcc7qkt (8b26d593),1,0.2%
不支持状态为已关机的实例ins-7xm0gpop (5fd05e55),1,0.2%
不支持状态为已关机的实例ins-1cw1dqlf (d77ae1e8),1,0.2%
不支持状态为已关机的实例ins-p4p2cc3r (4947a4b3),1,0.2%
不支持状态为已关机的实例ins-9cf31txr (5b83f92e),1,0.2%
不支持状态为已关机的实例ins-hg1xhxfx (e5c4769a),1,0.2%
不支持状态为已关机的实例ins-959lr8cr (0f78bf6b),1,0.2%
不支持状态为已关机的实例ins-lijcjk4v (93d0bc9d),1,0.2%
不支持状态为已关机的实例ins-9zxk1ycv (67f6c7d7),1,0.2%
不支持状态为已关机的实例ins-6htmnabn (2fee7c9b),1,0.2%
不支持状态为已关机的实例ins-m2g98fc5 (c7e8d6d9),1,0.2%
不支持状态为已关机的实例ins-d3e07kn7 (cdedcce8),1,0.2%
不支持状态为已关机的实例ins-mliwfjf3 (9b67b8ca),1,0.2%
不支持状态为已关机的实例ins-med8ytzb (fa49f9d4),1,0.2%
不支持状态为已关机的实例ins-em68krzb (999c891f),1,0.2%
不支持状态为已关机的实例ins-2zk9m3mz (e0fb8d92),1,0.2%
不支持状态为已关机的实例ins-kxqtf8lp (b3435929),1,0.2%
不支持状态为已关机的实例ins-hbkyp9z9 (1c0430fb),1,0.2%
不支持状态为已关机的实例ins-otkevfmr (0a0b9fa3),1,0.2%
不支持状态为已关机的实例ins-p1ixegy5 (b15b18bc),1,0.2%
不支持状态为已关机的实例ins-jnvz6fd5 (cb4386c3),1,0.2%
不支持状态为已关机的实例ins-cndi51hh (dd3843bb),1,0.2%
不支持状态为已关机的实例ins-55rq5ve7 (6f814b2f),1,0.2%
不支持状态为已关机的实例ins-elnx2e2x (fadfdd20),1,0.2%
不支持状态为已关机的实例ins-eihodyxt (16e0f02f),1,0.2%
不支持状态为已关机的实例ins-dua24r49 (f2fd70a2),1,0.2%
不支持状态为已关机的实例ins-5m9769jh (37b6d81c),1,0.2%
不支持状态为已关机的实例ins-migy8asl (230c54e4),1,0.2%
不支持状态为已关机的实例ins-f2416sef (ef67f316),1,0.2%
不支持状态为已关机的实例ins-3fn12for (4a3ff269),1,0.2%
不支持状态为已关机的实例ins-kbdhg9bb (831340ca),1,0.2%
不支持状态为已关机的实例ins-aynm44ar (6cc8d92e),1,0.2%
不支持状态为已关机的实例ins-dj4a6idn (b0097901),1,0.2%
不支持状态为已关机的实例ins-kybu4cz3 (75ae887e),1,0.2%
不支持状态为已关机的实例ins-q39a9ib3 (5cd6eab9),1,0.2%
不支持状态为已关机的实例ins-2ft6zgzl (1253d756),1,0.2%
不支持状态为已关机的实例ins-j3w105f1 (81fe46cc),1,0.2%
不支持状态为已关机的实例ins-qkplvclr (46d49a5a),1,0.2%
不支持状态为已关机的实例ins-61shy79f (eb8caad9),1,0.2%
不支持状态为已关机的实例ins-4pshja1t (d4076ada),1,0.2%
不支持状态为已关机的实例ins-j384kbrh (efdd7a49),1,0.2%
不支持状态为已关机的实例ins-10ksblot (b4cb7c30),1,0.2%
不支持状态为已关机的实例ins-2nzigzkz (36fe9d2c),1,0.2%
不支持状态为已关机的实例ins-an3ggabv (b64b0abd),1,0.2%
不支持状态为已关机的实例ins-5n194m89 (5f4de3a1),1,0.2%
不支持状态为已关机的实例ins-ki1baorl (c0f91697),1,0.2%
